{
   "texture" : "mobs/ice_mage.png",
   "width" : 12,
   "height" : 18,
   "zapEffect" : "Ice",
   "idle" : {
      "fps" : 3,
      "looped" : true,
      "frames" : [0,1]
   },
   "run" : {
      "fps" : 5,
      "looped" : true,
      "frames" : [0,1]
   },
   "attack" : {
      "fps" : 8,
      "looped" : false,
      "frames" : [2,3]
   },
   "zap" : {
      "fps" : 8,
      "looped" : false,
      "frames" : [2,3]
   },
   "die" : {
      "fps" : 15,
      "looped" : false,
      "frames" : [4,5,6,7,8,9,10]
   },
   "bloodColor" : "0xFFFF7D13"
}